Component,Origin,License,Copyright
allocator-api2,https://github.com/zakarumych/allocator-api2,MIT OR Apache-2.0,Zakarum <zaq.dev@icloud.com>
anyhow,https://github.com/dtolnay/anyhow,MIT OR Apache-2.0,David Tolnay <dtolnay@gmail.com>
async-trait,https://github.com/dtolnay/async-trait,MIT OR Apache-2.0,David Tolnay <dtolnay@gmail.com>
bytes,https://github.com/tokio-rs/bytes,MIT,"Carl Lerche <me@carllerche.com>, Sean McArthur <sean@seanmonstar.com>"
cfg-if,https://github.com/rust-lang/cfg-if,MIT OR Apache-2.0,Alex Crichton <alex@alexcrichton.com>
chacha20,https://github.com/RustCrypto/stream-ciphers,MIT OR Apache-2.0,RustCrypto Developers
cpufeatures,https://github.com/RustCrypto/utils,MIT OR Apache-2.0,RustCrypto Developers
either,https://github.com/rayon-rs/either,MIT OR Apache-2.0,The either Authors
equivalent,https://github.com/indexmap-rs/equivalent,Apache-2.0 OR MIT,The equivalent Authors
foldhash,https://github.com/orlp/foldhash,Zlib,Orson Peters <orsonpeters@gmail.com>
futures-core,https://github.com/rust-lang/futures-rs,MIT OR Apache-2.0,The futures-core Authors
futures-sink,https://github.com/rust-lang/futures-rs,MIT OR Apache-2.0,The futures-sink Authors
getrandom,https://github.com/rust-random/getrandom,MIT OR Apache-2.0,The Rand Project Developers
hashbrown,https://github.com/rust-lang/hashbrown,MIT OR Apache-2.0,The hashbrown Authors
itertools,https://github.com/rust-itertools/itertools,MIT OR Apache-2.0,bluss
lazy_static,https://github.com/rust-lang-nursery/lazy-static.rs,MIT OR Apache-2.0,Marvin Löbel <loebel.marvin@gmail.com>
libc,https://github.com/rust-lang/libc,MIT OR Apache-2.0,The libc Authors
log,https://github.com/rust-lang/log,MIT OR Apache-2.0,The Rust Project Developers
lru,https://github.com/jeromefroe/lru-rs,MIT,Jerome Froelich <jeromefroelic@hotmail.com>
mio,https://github.com/tokio-rs/mio,MIT,"Carl Lerche <me@carllerche.com>, Thomas de Zeeuw <thomasdezeeuw@gmail.com>, Tokio Contributors <team@tokio.rs>"
nu-ansi-term,https://github.com/nushell/nu-ansi-term,MIT,"ogham@bsago.me, Ryan Scheel (Havvy) <ryan.havvy@gmail.com>, Josh Triplett <josh@joshtriplett.org>, The Nushell Project Developers"
once_cell,https://github.com/matklad/once_cell,MIT OR Apache-2.0,Aleksey Kladov <aleksey.kladov@gmail.com>
pin-project-lite,https://github.com/taiki-e/pin-project-lite,Apache-2.0 OR MIT,The pin-project-lite Authors
proc-macro2,https://github.com/dtolnay/proc-macro2,MIT OR Apache-2.0,"David Tolnay <dtolnay@gmail.com>, Alex Crichton <alex@alexcrichton.com>"
quote,https://github.com/dtolnay/quote,MIT OR Apache-2.0,David Tolnay <dtolnay@gmail.com>
r-efi,https://github.com/r-efi/r-efi,MIT OR Apache-2.0 OR LGPL-2.1-or-later,The r-efi Authors
rand,https://github.com/rust-random/rand,MIT OR Apache-2.0,"The Rand Project Developers, The Rust Project Developers"
rand_core,https://github.com/rust-random/rand_core,MIT OR Apache-2.0,The Rand Project Developers
serde,https://github.com/serde-rs/serde,MIT OR Apache-2.0,"Erick Tryzelaar <erick.tryzelaar@gmail.com>, David Tolnay <dtolnay@gmail.com>"
serde_core,https://github.com/serde-rs/serde,MIT OR Apache-2.0,"Erick Tryzelaar <erick.tryzelaar@gmail.com>, David Tolnay <dtolnay@gmail.com>"
serde_derive,https://github.com/serde-rs/serde,MIT OR Apache-2.0,"Erick Tryzelaar <erick.tryzelaar@gmail.com>, David Tolnay <dtolnay@gmail.com>"
sharded-slab,https://github.com/hawkw/sharded-slab,MIT,Eliza Weisman <eliza@buoyant.io>
smallvec,https://github.com/servo/rust-smallvec,MIT OR Apache-2.0,The Servo Project Developers
socket2,https://github.com/rust-lang/socket2,MIT OR Apache-2.0,"Alex Crichton <alex@alexcrichton.com>, Thomas de Zeeuw <thomasdezeeuw@gmail.com>"
syn,https://github.com/dtolnay/syn,MIT OR Apache-2.0,David Tolnay <dtolnay@gmail.com>
thread_local,https://github.com/Amanieu/thread_local-rs,MIT OR Apache-2.0,Amanieu d'Antras <amanieu@gmail.com>
tokio,https://github.com/tokio-rs/tokio,MIT,Tokio Contributors <team@tokio.rs>
tokio-macros,https://github.com/tokio-rs/tokio,MIT,Tokio Contributors <team@tokio.rs>
tokio-stream,https://github.com/tokio-rs/tokio,MIT,Tokio Contributors <team@tokio.rs>
tokio-util,https://github.com/tokio-rs/tokio,MIT,Tokio Contributors <team@tokio.rs>
tracing,https://github.com/tokio-rs/tracing,MIT,"Eliza Weisman <eliza@buoyant.io>, Tokio Contributors <team@tokio.rs>"
tracing-attributes,https://github.com/tokio-rs/tracing,MIT,"Tokio Contributors <team@tokio.rs>, Eliza Weisman <eliza@buoyant.io>, David Barsky <dbarsky@amazon.com>"
tracing-core,https://github.com/tokio-rs/tracing,MIT,Tokio Contributors <team@tokio.rs>
tracing-log,https://github.com/tokio-rs/tracing,MIT,Tokio Contributors <team@tokio.rs>
tracing-subscriber,https://github.com/tokio-rs/tracing,MIT,"Eliza Weisman <eliza@buoyant.io>, David Barsky <me@davidbarsky.com>, Tokio Contributors <team@tokio.rs>"
unicode-ident,https://github.com/dtolnay/unicode-ident,(MIT OR Apache-2.0) AND Unicode-3.0,David Tolnay <dtolnay@gmail.com>
valuable,https://github.com/tokio-rs/valuable,MIT,The valuable Authors
wasi,https://github.com/bytecodealliance/wasi,Apache-2.0 WITH LLVM-exception OR Apache-2.0 OR MIT,The Cranelift Project Developers
windows-link,https://github.com/microsoft/windows-rs,MIT OR Apache-2.0,The windows-link Authors
windows-sys,https://github.com/microsoft/windows-rs,MIT OR Apache-2.0,The windows-sys Authors
zstd,https://github.com/gyscos/zstd-rs,MIT,Alexandre Bury <alexandre.bury@gmail.com>
zstd-safe,https://github.com/gyscos/zstd-rs,MIT OR Apache-2.0,Alexandre Bury <alexandre.bury@gmail.com>
zstd-sys,https://github.com/gyscos/zstd-rs,MIT OR Apache-2.0,Alexandre Bury <alexandre.bury@gmail.com>
